timestamps,open,high,low,close,volume
2026-03-01 21:00:00,0.09089,0.09217,0.09085,0.09199,28550025.0
2026-03-01 22:00:00,0.09199,0.09348,0.09177,0.09187,52554548.0
2026-03-01 23:00:00,0.09186,0.09299,0.09168,0.0919,15872502.0
2026-03-02 00:00:00,0.0919,0.09343,0.09184,0.09304,23917935.0
2026-03-02 01:00:00,0.09304,0.09448,0.09294,0.09331,32090402.0
2026-03-02 02:00:00,0.09332,0.09367,0.09254,0.09271,32562760.0
2026-03-02 03:00:00,0.09271,0.09356,0.09241,0.09327,23371717.0
2026-03-02 04:00:00,0.09328,0.09354,0.09294,0.0932,16266663.0
2026-03-02 05:00:00,0.0932,0.09354,0.09273,0.09302,12477815.0
2026-03-02 06:00:00,0.09302,0.09302,0.09161,0.09203,24452967.0
2026-03-02 07:00:00,0.09202,0.09208,0.09117,0.09174,13763468.0
2026-03-02 08:00:00,0.09175,0.09245,0.09132,0.09231,22203702.0
2026-03-02 09:00:00,0.09231,0.09297,0.09205,0.09205,18959759.0
2026-03-02 10:00:00,0.09205,0.0923,0.09161,0.0919,18792438.0
2026-03-02 11:00:00,0.0919,0.0922,0.09146,0.09185,21065305.0
2026-03-02 12:00:00,0.09185,0.09204,0.09125,0.09142,17055686.0
2026-03-02 13:00:00,0.09142,0.0917,0.09081,0.09095,29513978.0
2026-03-02 14:00:00,0.09095,0.0939,0.0908,0.09359,66925700.0
2026-03-02 15:00:00,0.09359,0.09664,0.09335,0.09567,183554083.0
2026-03-02 16:00:00,0.09568,0.09771,0.09545,0.09624,121900399.0
2026-03-02 17:00:00,0.09624,0.09648,0.09433,0.09543,73032626.0
2026-03-02 18:00:00,0.09543,0.09606,0.09459,0.0955,32316198.0
2026-03-02 19:00:00,0.09549,0.09586,0.09491,0.09553,31844820.0
2026-03-02 20:00:00,0.09552,0.096,0.09462,0.09465,25311981.0
2026-03-02 21:00:00,0.09466,0.0947,0.09395,0.09413,21152368.0
2026-03-02 22:00:00,0.09414,0.09505,0.09404,0.0948,43193081.0
2026-03-02 23:00:00,0.09481,0.09487,0.0933,0.09356,33937818.0
2026-03-03 00:00:00,0.09356,0.09378,0.09277,0.09353,27238684.0
2026-03-03 01:00:00,0.09352,0.09385,0.09284,0.0929,18055346.0
2026-03-03 02:00:00,0.09291,0.09297,0.09216,0.09261,30838319.0
2026-03-03 03:00:00,0.09261,0.09278,0.09209,0.09258,19054825.0
2026-03-03 04:00:00,0.09258,0.09263,0.0916,0.09175,17433769.0
2026-03-03 05:00:00,0.09174,0.09243,0.09124,0.09168,29563921.0
2026-03-03 06:00:00,0.09168,0.09182,0.09131,0.09167,23529068.0
2026-03-03 07:00:00,0.09168,0.09209,0.0911,0.09136,68482993.0
2026-03-03 08:00:00,0.09135,0.09158,0.08973,0.08995,85210658.0
2026-03-03 09:00:00,0.08996,0.09055,0.08951,0.08967,69029549.0
2026-03-03 10:00:00,0.08966,0.09009,0.08923,0.08986,44351416.0
2026-03-03 11:00:00,0.08987,0.09016,0.08963,0.09007,30686794.0
2026-03-03 12:00:00,0.09007,0.09109,0.08981,0.09043,53652130.0
2026-03-03 13:00:00,0.09043,0.09047,0.08962,0.08987,32550803.0
2026-03-03 14:00:00,0.08986,0.09099,0.08868,0.08935,92988570.0
2026-03-03 15:00:00,0.08934,0.09065,0.08874,0.09021,60615259.0
2026-03-03 16:00:00,0.0902,0.09242,0.08978,0.09091,103404661.0
2026-03-03 17:00:00,0.09091,0.09101,0.08946,0.09015,39641737.0
2026-03-03 18:00:00,0.09016,0.09063,0.0893,0.08979,36400998.0
2026-03-03 19:00:00,0.0898,0.08996,0.08912,0.08941,42659256.0
2026-03-03 20:00:00,0.08942,0.08947,0.08886,0.08913,30997960.0
2026-03-03 21:00:00,0.08912,0.08945,0.08847,0.08938,37749423.0
2026-03-03 22:00:00,0.08939,0.09063,0.08939,0.09019,33172644.0
2026-03-03 23:00:00,0.09018,0.09088,0.0899,0.08997,29935713.0
2026-03-04 00:00:00,0.08998,0.09019,0.08927,0.08983,26702987.0
2026-03-04 01:00:00,0.08984,0.09065,0.08952,0.08989,33975598.0
2026-03-04 02:00:00,0.08988,0.09017,0.08946,0.08994,30838420.0
2026-03-04 03:00:00,0.08994,0.09014,0.08859,0.08939,38699734.0
2026-03-04 04:00:00,0.08939,0.08983,0.08894,0.0893,21641506.0
2026-03-04 05:00:00,0.08929,0.08966,0.08872,0.08926,22503059.0
2026-03-04 06:00:00,0.08926,0.08978,0.08873,0.08922,30469536.0
2026-03-04 07:00:00,0.08922,0.09056,0.08887,0.09015,42471347.0
2026-03-04 08:00:00,0.09015,0.09259,0.08971,0.0923,120989046.0
2026-03-04 09:00:00,0.0923,0.09345,0.09195,0.09256,172277428.0
2026-03-04 10:00:00,0.09256,0.0933,0.09247,0.09303,76116223.0
2026-03-04 11:00:00,0.09304,0.09315,0.09192,0.0923,44988733.0
2026-03-04 12:00:00,0.09229,0.09266,0.09149,0.09242,46090122.0
2026-03-04 13:00:00,0.09242,0.09422,0.09235,0.09407,75117175.0
2026-03-04 14:00:00,0.09407,0.0961,0.09386,0.09524,206701915.0
2026-03-04 15:00:00,0.09525,0.09921,0.09523,0.09905,278767873.0
2026-03-04 16:00:00,0.09905,0.10003,0.09747,0.09961,188749769.0
2026-03-04 17:00:00,0.09961,0.10337,0.09951,0.10182,222842078.0
2026-03-04 18:00:00,0.10182,0.10245,0.10121,0.10217,98378271.0
2026-03-04 19:00:00,0.10217,0.10434,0.10189,0.10275,116064341.0
2026-03-04 20:00:00,0.10276,0.1035,0.10196,0.10222,90875220.0
2026-03-04 21:00:00,0.10223,0.1027,0.10167,0.10221,90358560.0
2026-03-04 22:00:00,0.10221,0.10305,0.09869,0.0992,109351843.0
2026-03-04 23:00:00,0.09919,0.09989,0.09888,0.09893,75592461.0
2026-03-05 00:00:00,0.09893,0.09924,0.09772,0.09814,62465039.0
2026-03-05 01:00:00,0.09814,0.09884,0.09652,0.09688,66892797.0
2026-03-05 02:00:00,0.09688,0.09731,0.09617,0.09643,30690366.0
2026-03-05 03:00:00,0.09643,0.09645,0.09593,0.09621,52833793.0
2026-03-05 04:00:00,0.09621,0.09737,0.09611,0.09678,62328008.0
2026-03-05 05:00:00,0.09678,0.09708,0.096,0.09607,31463336.0
2026-03-05 06:00:00,0.09607,0.09656,0.0955,0.09653,50205711.0
2026-03-05 07:00:00,0.09652,0.09668,0.09522,0.09569,33214441.0
2026-03-05 08:00:00,0.09568,0.09592,0.09533,0.09574,29313115.0
2026-03-05 09:00:00,0.09574,0.09659,0.09568,0.09626,50906569.0
2026-03-05 10:00:00,0.09627,0.098,0.09605,0.09769,62101529.0
2026-03-05 11:00:00,0.09768,0.09788,0.0957,0.09593,70573299.0
2026-03-05 12:00:00,0.09593,0.09646,0.09548,0.09626,39989843.0
2026-03-05 13:00:00,0.09627,0.09631,0.09462,0.09513,61275670.0
2026-03-05 14:00:00,0.09514,0.09575,0.09425,0.09543,85108942.0
2026-03-05 15:00:00,0.09544,0.09564,0.0939,0.09428,61323301.0
2026-03-05 16:00:00,0.09428,0.09429,0.09275,0.09389,59283642.0
2026-03-05 17:00:00,0.09389,0.09429,0.09282,0.09308,32225947.0
2026-03-05 18:00:00,0.09308,0.09394,0.09293,0.09374,34087932.0
2026-03-05 19:00:00,0.09375,0.09456,0.09373,0.09392,20001247.0
2026-03-05 20:00:00,0.09392,0.09482,0.09388,0.09434,29012904.0
2026-03-05 21:00:00,0.09434,0.0947,0.09368,0.09391,22109051.0
2026-03-05 22:00:00,0.09392,0.09408,0.09353,0.09383,12718296.0
2026-03-05 23:00:00,0.09383,0.09392,0.09345,0.09356,9764013.0
2026-03-06 00:00:00,0.09356,0.09388,0.09346,0.09371,12024478.0
2026-03-06 01:00:00,0.09372,0.09434,0.09315,0.09405,23331927.0
2026-03-06 02:00:00,0.09406,0.09408,0.09351,0.09364,18961475.0
2026-03-06 03:00:00,0.09364,0.09406,0.09358,0.09392,8990039.0
2026-03-06 04:00:00,0.09391,0.09393,0.093,0.09345,16135394.0
2026-03-06 05:00:00,0.09346,0.09374,0.09318,0.0936,15249595.0
2026-03-06 06:00:00,0.0936,0.09377,0.09333,0.09338,12548966.0
2026-03-06 07:00:00,0.09338,0.09441,0.09332,0.094,72948351.0
2026-03-06 08:00:00,0.09399,0.094,0.0929,0.09326,32751118.0
2026-03-06 09:00:00,0.09326,0.09329,0.09245,0.09323,28772734.0
2026-03-06 10:00:00,0.09323,0.09381,0.09315,0.09352,18954942.0
2026-03-06 11:00:00,0.09351,0.09368,0.09296,0.09309,11267613.0
2026-03-06 12:00:00,0.0931,0.0935,0.0927,0.09307,22427226.0
2026-03-06 13:00:00,0.09306,0.09356,0.09141,0.09158,98062612.0
2026-03-06 14:00:00,0.09157,0.09168,0.09,0.09033,184041478.0
2026-03-06 15:00:00,0.09033,0.09099,0.09,0.09026,76414543.0
2026-03-06 16:00:00,0.09025,0.09131,0.09019,0.09081,67914176.0
2026-03-06 17:00:00,0.0908,0.0911,0.09001,0.0903,44202466.0
2026-03-06 18:00:00,0.09029,0.0908,0.09023,0.09067,25710810.0
2026-03-06 19:00:00,0.09067,0.09116,0.09063,0.09086,13344136.0
2026-03-06 20:00:00,0.09087,0.09113,0.09057,0.09105,14084496.0
2026-03-06 21:00:00,0.09105,0.09117,0.09077,0.09111,12426559.0
2026-03-06 22:00:00,0.09112,0.09169,0.09097,0.09128,23747304.0
2026-03-06 23:00:00,0.09128,0.09139,0.09112,0.09129,17043361.0
2026-03-07 00:00:00,0.09129,0.09155,0.09121,0.09141,14596879.0
2026-03-07 01:00:00,0.0914,0.09174,0.09128,0.09154,17427893.0
2026-03-07 02:00:00,0.09155,0.09166,0.09115,0.09162,13961195.0
2026-03-07 03:00:00,0.09161,0.09213,0.09104,0.09107,40139238.0
2026-03-07 04:00:00,0.09107,0.09126,0.0907,0.09084,16616588.0
2026-03-07 05:00:00,0.09083,0.09096,0.09047,0.09071,13345342.0
2026-03-07 06:00:00,0.0907,0.09088,0.09047,0.09058,7882236.0
2026-03-07 07:00:00,0.09059,0.09074,0.09039,0.09057,9378827.0
2026-03-07 08:00:00,0.09058,0.09086,0.09041,0.09042,17838032.0
2026-03-07 09:00:00,0.09042,0.09063,0.09004,0.09038,20800735.0
2026-03-07 10:00:00,0.09038,0.09055,0.09031,0.09038,8966037.0
2026-03-07 11:00:00,0.09037,0.09083,0.09013,0.0906,20063415.0
2026-03-07 12:00:00,0.09059,0.09066,0.09034,0.09039,9605701.0
2026-03-07 13:00:00,0.0904,0.09062,0.09016,0.0903,16247384.0
2026-03-07 14:00:00,0.09029,0.09042,0.08943,0.09008,78780391.0
2026-03-07 15:00:00,0.09007,0.09018,0.08962,0.09002,18142625.0
2026-03-07 16:00:00,0.09001,0.09021,0.08992,0.09017,7915353.0
2026-03-07 17:00:00,0.09017,0.09063,0.09016,0.09047,11278276.0
2026-03-07 18:00:00,0.09047,0.09048,0.08962,0.09015,23901322.0
2026-03-07 19:00:00,0.09014,0.09015,0.08927,0.08959,39351129.0
2026-03-07 20:00:00,0.0896,0.09016,0.08958,0.09007,10326628.0
2026-03-07 21:00:00,0.09007,0.0902,0.08981,0.09,7094640.0
2026-03-07 22:00:00,0.09,0.09006,0.08942,0.08976,10948013.0
2026-03-07 23:00:00,0.08977,0.09003,0.08971,0.08993,9177580.0
2026-03-08 00:00:00,0.08993,0.0902,0.08972,0.08992,8624989.0
2026-03-08 01:00:00,0.08992,0.09011,0.08976,0.09002,9486550.0
2026-03-08 02:00:00,0.09002,0.09009,0.08878,0.08927,50809259.0
2026-03-08 03:00:00,0.08928,0.08949,0.089,0.08935,23069131.0
2026-03-08 04:00:00,0.08936,0.08961,0.08875,0.08899,26959875.0
2026-03-08 05:00:00,0.08898,0.08971,0.08897,0.0894,12915030.0
2026-03-08 06:00:00,0.0894,0.08946,0.08903,0.08911,18721750.0
2026-03-08 07:00:00,0.0891,0.08957,0.08902,0.08932,33026304.0
2026-03-08 08:00:00,0.08931,0.08945,0.08894,0.08939,29047903.0
2026-03-08 09:00:00,0.08939,0.09011,0.08925,0.08993,32819696.0
2026-03-08 10:00:00,0.08994,0.09133,0.08993,0.09053,38490379.0
2026-03-08 11:00:00,0.09052,0.09052,0.08912,0.08935,32820120.0
2026-03-08 12:00:00,0.08936,0.08949,0.08814,0.08896,77277334.0
2026-03-08 13:00:00,0.08895,0.08908,0.0879,0.08869,71437008.0
2026-03-08 14:00:00,0.08869,0.08926,0.08862,0.08912,26148997.0
2026-03-08 15:00:00,0.08911,0.08918,0.08853,0.08871,17713699.0
2026-03-08 16:00:00,0.08871,0.08886,0.08826,0.08854,26844683.0
2026-03-08 17:00:00,0.08855,0.0891,0.08852,0.08863,12696819.0
2026-03-08 18:00:00,0.08864,0.08869,0.0882,0.08851,14963721.0
2026-03-08 19:00:00,0.08852,0.0897,0.0884,0.08934,27818604.0
2026-03-08 20:00:00,0.08934,0.09011,0.08917,0.08971,24611014.0
2026-03-08 21:00:00,0.08971,0.08986,0.08908,0.08956,13823850.0
2026-03-08 22:00:00,0.08955,0.08966,0.08666,0.08944,175402551.0
2026-03-08 23:00:00,0.08944,0.08986,0.08891,0.08915,28592141.0
2026-03-09 00:00:00,0.08914,0.09051,0.08909,0.08983,47985395.0
2026-03-09 01:00:00,0.08982,0.09011,0.08931,0.08938,29267389.0
2026-03-09 02:00:00,0.08937,0.09002,0.089,0.08975,28169772.0
2026-03-09 03:00:00,0.08975,0.09169,0.08965,0.09038,117147489.0
2026-03-09 04:00:00,0.09039,0.0909,0.09021,0.09035,24768546.0
2026-03-09 05:00:00,0.09035,0.09178,0.09011,0.09146,75738208.0
2026-03-09 06:00:00,0.09147,0.09169,0.09029,0.09042,35563087.0
2026-03-09 07:00:00,0.09042,0.09046,0.08933,0.08999,38577049.0
2026-03-09 08:00:00,0.09,0.09066,0.0899,0.0905,27611942.0
2026-03-09 09:00:00,0.0905,0.09138,0.09005,0.0904,60396386.0
2026-03-09 10:00:00,0.09041,0.09077,0.08995,0.09011,25201691.0
2026-03-09 11:00:00,0.09011,0.09056,0.08975,0.09037,19375467.0
2026-03-09 12:00:00,0.09038,0.09115,0.09038,0.09088,32288120.0
2026-03-09 13:00:00,0.09088,0.09246,0.09081,0.09192,71403548.0
2026-03-09 14:00:00,0.09192,0.09231,0.09085,0.0916,72842901.0
2026-03-09 15:00:00,0.0916,0.09187,0.09063,0.09112,42796784.0
2026-03-09 16:00:00,0.09113,0.09165,0.09075,0.09122,29193476.0
2026-03-09 17:00:00,0.09122,0.09175,0.09097,0.0914,33315832.0
2026-03-09 18:00:00,0.0914,0.09171,0.09079,0.09086,30904930.0
2026-03-09 19:00:00,0.09087,0.09283,0.09066,0.09128,64961025.0
2026-03-09 20:00:00,0.09128,0.09148,0.0908,0.09125,27152149.0
2026-03-09 21:00:00,0.09125,0.09182,0.0911,0.0915,12331719.0
2026-03-09 22:00:00,0.0915,0.09158,0.09047,0.09072,31887805.0
2026-03-09 23:00:00,0.09071,0.09094,0.09022,0.09049,17770048.0
2026-03-10 00:00:00,0.09048,0.09144,0.09033,0.09105,18828865.0
2026-03-10 01:00:00,0.09105,0.0913,0.0905,0.09102,15525444.0
2026-03-10 02:00:00,0.09101,0.09238,0.0907,0.09201,62589804.0
2026-03-10 03:00:00,0.092,0.09222,0.09101,0.09122,32576932.0
2026-03-10 04:00:00,0.09122,0.09208,0.09115,0.09189,16665914.0
2026-03-10 05:00:00,0.09189,0.09233,0.09167,0.0918,18137832.0
2026-03-10 06:00:00,0.0918,0.09187,0.09139,0.09163,9984990.0
2026-03-10 07:00:00,0.09162,0.09248,0.09139,0.09235,68823131.0
2026-03-10 08:00:00,0.09235,0.09422,0.09225,0.09356,89595499.0
2026-03-10 09:00:00,0.09357,0.09556,0.09357,0.0952,73956102.0
2026-03-10 10:00:00,0.0952,0.09591,0.09445,0.09549,62048325.0
2026-03-10 11:00:00,0.09549,0.09575,0.09419,0.0945,65489386.0
2026-03-10 12:00:00,0.09451,0.09506,0.09427,0.09499,50761181.0
2026-03-10 13:00:00,0.09499,0.09707,0.09457,0.09609,183656881.0
2026-03-10 14:00:00,0.0961,0.09965,0.09491,0.09935,252043649.0
2026-03-10 15:00:00,0.09935,0.09975,0.09768,0.09912,223195687.0
2026-03-10 16:00:00,0.09912,0.10046,0.09864,0.09982,162205768.0
2026-03-10 17:00:00,0.09981,0.10003,0.09786,0.09824,122243946.0
2026-03-10 18:00:00,0.09824,0.09826,0.09506,0.09545,122847987.0
2026-03-10 19:00:00,0.09545,0.09553,0.09431,0.09477,53499151.0
2026-03-10 20:00:00,0.09476,0.09507,0.09446,0.09496,47780451.0
2026-03-10 21:00:00,0.09497,0.09532,0.0939,0.09442,39150945.0
2026-03-10 22:00:00,0.09442,0.09486,0.09403,0.09434,26471091.0
2026-03-10 23:00:00,0.09434,0.09477,0.09433,0.09452,17687168.0
2026-03-11 00:00:00,0.09452,0.09509,0.09406,0.09444,68107676.0
2026-03-11 01:00:00,0.09444,0.09447,0.09329,0.09362,35519621.0
2026-03-11 02:00:00,0.09362,0.09368,0.09244,0.093,46908863.0
2026-03-11 03:00:00,0.09299,0.09321,0.09243,0.09262,36593583.0
2026-03-11 04:00:00,0.09261,0.09324,0.09222,0.09312,90845944.0
2026-03-11 05:00:00,0.09313,0.09319,0.09143,0.09167,72487799.0
2026-03-11 06:00:00,0.09167,0.09229,0.09148,0.09205,44644147.0
2026-03-11 07:00:00,0.09205,0.09238,0.09146,0.09194,35754126.0
2026-03-11 08:00:00,0.09194,0.09237,0.0917,0.09209,39491203.0
2026-03-11 09:00:00,0.09209,0.09214,0.09153,0.09169,24481366.0
2026-03-11 10:00:00,0.0917,0.09228,0.09161,0.09225,18209998.0
2026-03-11 11:00:00,0.09225,0.09241,0.09181,0.09197,24560893.0
2026-03-11 12:00:00,0.09198,0.0935,0.09173,0.09249,52036008.0
2026-03-11 13:00:00,0.09249,0.09485,0.09244,0.09311,155890090.0
2026-03-11 14:00:00,0.09311,0.09426,0.09268,0.09348,82594655.0
2026-03-11 15:00:00,0.09348,0.09356,0.0912,0.09237,101935614.0
2026-03-11 16:00:00,0.09237,0.09314,0.09225,0.09302,42535824.0
2026-03-11 17:00:00,0.09302,0.09424,0.09269,0.09369,78295758.0
2026-03-11 18:00:00,0.09369,0.09462,0.09369,0.09438,38248031.0
2026-03-11 19:00:00,0.09438,0.09457,0.09373,0.09384,23954328.0
2026-03-11 20:00:00,0.09384,0.09385,0.0933,0.09366,12927648.0
2026-03-11 21:00:00,0.09366,0.09388,0.0935,0.0937,13230282.0
2026-03-11 22:00:00,0.09371,0.09422,0.09334,0.09345,22377930.0
2026-03-11 23:00:00,0.09345,0.09379,0.09276,0.09288,18354107.0
2026-03-12 00:00:00,0.09289,0.09304,0.09246,0.09274,17791029.0
2026-03-12 01:00:00,0.09273,0.09273,0.09215,0.09236,12363594.0
2026-03-12 02:00:00,0.09236,0.09255,0.0918,0.09191,22670457.0
2026-03-12 03:00:00,0.0919,0.09255,0.09185,0.09216,18947151.0
2026-03-12 04:00:00,0.09216,0.09237,0.09195,0.09199,11396494.0
2026-03-12 05:00:00,0.09198,0.09222,0.09187,0.09204,10249968.0
2026-03-12 06:00:00,0.09204,0.09217,0.0918,0.09205,18569620.0
2026-03-12 07:00:00,0.09204,0.093,0.09187,0.09291,58158780.0
2026-03-12 08:00:00,0.09291,0.09329,0.09253,0.09293,40289094.0
2026-03-12 09:00:00,0.09293,0.09364,0.0924,0.09308,29323794.0
2026-03-12 10:00:00,0.09308,0.09451,0.09294,0.09432,55609400.0
2026-03-12 11:00:00,0.09432,0.09519,0.09409,0.09469,45351830.0
2026-03-12 12:00:00,0.0947,0.09586,0.09458,0.09512,65815469.0
2026-03-12 13:00:00,0.09513,0.09562,0.09396,0.09489,79536444.0
2026-03-12 14:00:00,0.09489,0.0958,0.09327,0.09369,90113162.0
2026-03-12 15:00:00,0.09369,0.09476,0.09307,0.09409,78327162.0
2026-03-12 16:00:00,0.09409,0.09487,0.09334,0.09473,37102725.0
2026-03-12 17:00:00,0.09474,0.09492,0.0941,0.09436,22665237.0
2026-03-12 18:00:00,0.09436,0.09453,0.09376,0.09384,15508892.0
2026-03-12 19:00:00,0.09383,0.09472,0.0937,0.09443,21701821.0
2026-03-12 20:00:00,0.09443,0.09459,0.09403,0.09411,11530275.0
2026-03-12 21:00:00,0.09412,0.09477,0.09409,0.09469,12894808.0
2026-03-12 22:00:00,0.09468,0.09486,0.09426,0.09442,16615940.0
2026-03-12 23:00:00,0.09441,0.09534,0.0944,0.09475,37363040.0
2026-03-13 00:00:00,0.09474,0.09806,0.09454,0.09683,150595751.0
2026-03-13 01:00:00,0.09682,0.0972,0.09627,0.09708,55984410.0
2026-03-13 02:00:00,0.09708,0.09718,0.0957,0.09595,63887939.0
2026-03-13 03:00:00,0.09596,0.09699,0.09593,0.09676,27115311.0
2026-03-13 04:00:00,0.09677,0.09683,0.09616,0.09624,17114485.0
2026-03-13 05:00:00,0.09623,0.09689,0.0958,0.09652,22302630.0
2026-03-13 06:00:00,0.09653,0.09678,0.09608,0.09665,21010391.0
2026-03-13 07:00:00,0.09664,0.09676,0.09627,0.09651,20428861.0
2026-03-13 08:00:00,0.09651,0.09772,0.0961,0.09734,50580296.0
2026-03-13 09:00:00,0.09734,0.09913,0.09721,0.09863,79519025.0
2026-03-13 10:00:00,0.09863,0.09952,0.09849,0.099,109734680.0
2026-03-13 11:00:00,0.099,0.1004,0.09896,0.10003,131297934.0
2026-03-13 12:00:00,0.10003,0.10199,0.09939,0.10067,166756129.0
2026-03-13 13:00:00,0.10068,0.10118,0.09957,0.10038,131363272.0
2026-03-13 14:00:00,0.10038,0.10074,0.09733,0.0978,193698844.0
2026-03-13 15:00:00,0.0978,0.09891,0.09759,0.09795,91131412.0
2026-03-13 16:00:00,0.09795,0.09847,0.09735,0.09773,100571961.0
2026-03-13 17:00:00,0.09773,0.09775,0.09567,0.0961,87943643.0
2026-03-13 18:00:00,0.0961,0.09639,0.09567,0.09585,33604542.0
2026-03-13 19:00:00,0.09585,0.0962,0.09543,0.09603,32869862.0
2026-03-13 20:00:00,0.09604,0.09654,0.09592,0.09654,17319386.0
2026-03-13 21:00:00,0.09654,0.09679,0.09592,0.09623,24872913.0
2026-03-13 22:00:00,0.09622,0.09629,0.09545,0.09596,32326980.0
2026-03-13 23:00:00,0.09597,0.09608,0.09578,0.09596,15264318.0
2026-03-14 00:00:00,0.09596,0.09602,0.09503,0.0954,66460995.0
2026-03-14 01:00:00,0.0954,0.09584,0.09529,0.09569,48360320.0
2026-03-14 02:00:00,0.09569,0.0959,0.09542,0.0958,17683304.0
2026-03-14 03:00:00,0.09581,0.09627,0.0956,0.09605,42435234.0
2026-03-14 04:00:00,0.09605,0.09643,0.09562,0.09574,29361899.0
2026-03-14 05:00:00,0.09575,0.0958,0.09533,0.09568,21972094.0
2026-03-14 06:00:00,0.09568,0.09568,0.09426,0.09475,60636922.0
2026-03-14 07:00:00,0.09475,0.09492,0.09452,0.09463,21243480.0
2026-03-14 08:00:00,0.09462,0.09481,0.09437,0.09444,23773086.0
2026-03-14 09:00:00,0.09443,0.09459,0.09415,0.09424,22647810.0
2026-03-14 10:00:00,0.09423,0.09444,0.094,0.09442,15903072.0
2026-03-14 11:00:00,0.09441,0.09553,0.09441,0.09527,41742859.0
2026-03-14 12:00:00,0.09527,0.09534,0.09474,0.09496,24336872.0
2026-03-14 13:00:00,0.09496,0.09547,0.09489,0.09525,17386703.0
2026-03-14 14:00:00,0.09526,0.09567,0.09444,0.09457,59840240.0
2026-03-14 15:00:00,0.09456,0.09501,0.09452,0.09493,23189065.0
2026-03-14 16:00:00,0.09493,0.09545,0.09468,0.09532,19363476.0
2026-03-14 17:00:00,0.09532,0.09532,0.09465,0.09467,7879892.0
2026-03-14 18:00:00,0.09466,0.0948,0.09436,0.0947,12717982.0
2026-03-14 19:00:00,0.0947,0.0948,0.09457,0.09479,5157817.0
2026-03-14 20:00:00,0.09479,0.09503,0.09461,0.0948,11827893.0
2026-03-14 21:00:00,0.0948,0.09513,0.09466,0.09506,9180096.0
2026-03-14 22:00:00,0.09507,0.09526,0.0949,0.09514,8501865.0
2026-03-14 23:00:00,0.09514,0.09618,0.09514,0.09604,33837568.0
2026-03-15 00:00:00,0.09605,0.09619,0.0954,0.09557,25971971.0
2026-03-15 01:00:00,0.09558,0.09598,0.09545,0.09557,19220293.0
2026-03-15 02:00:00,0.09557,0.09746,0.09557,0.0969,84442103.0
2026-03-15 03:00:00,0.09691,0.09728,0.09593,0.09601,33004500.0
2026-03-15 04:00:00,0.09601,0.09628,0.09568,0.09599,19202488.0
2026-03-15 05:00:00,0.09599,0.0965,0.0957,0.09609,42084127.0
2026-03-15 06:00:00,0.0961,0.0962,0.09553,0.09572,23939593.0
2026-03-15 07:00:00,0.09571,0.09594,0.09553,0.09562,18031953.0
2026-03-15 08:00:00,0.09563,0.09655,0.09561,0.09646,54909731.0
2026-03-15 09:00:00,0.09646,0.09663,0.09615,0.09616,23951539.0
2026-03-15 10:00:00,0.09616,0.09638,0.09596,0.09626,18703633.0
2026-03-15 11:00:00,0.09625,0.09656,0.09606,0.09639,15036179.0
2026-03-15 12:00:00,0.0964,0.09649,0.09605,0.09637,10316669.0
2026-03-15 13:00:00,0.09638,0.09666,0.09466,0.09532,80218622.0
2026-03-15 14:00:00,0.09531,0.09561,0.09509,0.09558,22823259.0
2026-03-15 15:00:00,0.09559,0.09559,0.09489,0.09498,26453982.0
2026-03-15 16:00:00,0.09497,0.09511,0.09445,0.0947,35623262.0
2026-03-15 17:00:00,0.0947,0.09583,0.09464,0.09549,18460660.0
2026-03-15 18:00:00,0.0955,0.09559,0.09468,0.0948,19079037.0
2026-03-15 19:00:00,0.0948,0.09535,0.0947,0.09518,15638129.0
2026-03-15 20:00:00,0.09518,0.09588,0.09496,0.09537,16317523.0
2026-03-15 21:00:00,0.09537,0.09606,0.09503,0.09587,21573558.0
2026-03-15 22:00:00,0.09587,0.09767,0.09528,0.09735,90950062.0
2026-03-15 23:00:00,0.09736,0.09809,0.09663,0.09738,75807914.0
2026-03-16 00:00:00,0.09738,0.0982,0.09723,0.09797,56036528.0
2026-03-16 01:00:00,0.09797,0.09816,0.0973,0.09761,56465098.0
2026-03-16 02:00:00,0.09761,0.09846,0.09704,0.09811,64291346.0
2026-03-16 03:00:00,0.09812,0.10143,0.0978,0.09997,244815078.0
2026-03-16 04:00:00,0.09998,0.10117,0.09979,0.10071,113780563.0
2026-03-16 05:00:00,0.10071,0.1018,0.10048,0.10159,95957940.0
2026-03-16 06:00:00,0.10159,0.10258,0.1012,0.10167,123638807.0
2026-03-16 07:00:00,0.10168,0.10268,0.10163,0.10202,103815893.0
2026-03-16 08:00:00,0.10203,0.10297,0.10021,0.10034,153276655.0
2026-03-16 09:00:00,0.10035,0.10137,0.09983,0.10108,114550970.0
2026-03-16 10:00:00,0.10109,0.1013,0.10012,0.10069,67654444.0
2026-03-16 11:00:00,0.10069,0.10069,0.09938,0.09995,63372885.0
2026-03-16 12:00:00,0.09996,0.1005,0.09973,0.10009,59050379.0
2026-03-16 13:00:00,0.10009,0.10172,0.09995,0.10054,107577041.0
2026-03-16 14:00:00,0.10054,0.10351,0.09993,0.10314,248205186.0
2026-03-16 15:00:00,0.10314,0.10335,0.09996,0.10007,108374634.0
2026-03-16 16:00:00,0.10007,0.10137,0.09987,0.10116,51537813.0
2026-03-16 17:00:00,0.10116,0.10171,0.1009,0.10144,35624597.0
2026-03-16 18:00:00,0.10143,0.10241,0.10124,0.10175,41409667.0
2026-03-16 19:00:00,0.10176,0.10296,0.1015,0.10198,33586997.0
2026-03-16 20:00:00,0.10198,0.10211,0.10149,0.10154,24472698.0
2026-03-16 21:00:00,0.10153,0.10268,0.10122,0.10198,40436267.0
2026-03-16 22:00:00,0.10198,0.10344,0.10198,0.10325,67246448.0
2026-03-16 23:00:00,0.10325,0.10375,0.10224,0.10304,47311698.0
2026-03-17 00:00:00,0.10304,0.10402,0.10254,0.10321,71229769.0
2026-03-17 01:00:00,0.10322,0.1039,0.10259,0.10324,69835845.0
2026-03-17 02:00:00,0.10324,0.10449,0.10221,0.10352,108180160.0
2026-03-17 03:00:00,0.10353,0.1036,0.10066,0.10124,103235616.0
2026-03-17 04:00:00,0.10125,0.10166,0.09995,0.10054,83649977.0
2026-03-17 05:00:00,0.10053,0.10076,0.09947,0.1,48449072.0
2026-03-17 06:00:00,0.1,0.10058,0.09961,0.10007,32008072.0
2026-03-17 07:00:00,0.10008,0.10113,0.10002,0.10052,26467269.0
2026-03-17 08:00:00,0.10053,0.10144,0.10046,0.10087,38646175.0
2026-03-17 09:00:00,0.10086,0.10129,0.10034,0.10074,35579141.0
2026-03-17 10:00:00,0.10075,0.10077,0.1,0.10019,39600667.0
2026-03-17 11:00:00,0.1002,0.10053,0.1,0.10016,26055263.0
2026-03-17 12:00:00,0.10016,0.10024,0.0987,0.09881,60705182.0
2026-03-17 13:00:00,0.09881,0.09971,0.0985,0.09894,78309112.0
2026-03-17 14:00:00,0.09895,0.09981,0.0983,0.09971,68576277.0
2026-03-17 15:00:00,0.09971,0.10053,0.09883,0.09967,80409082.0
2026-03-17 16:00:00,0.09967,0.10038,0.09941,0.0999,39094269.0
2026-03-17 17:00:00,0.09991,0.10067,0.0996,0.10065,18791191.0
2026-03-17 18:00:00,0.10064,0.10113,0.10035,0.10096,23092342.0
2026-03-17 19:00:00,0.10096,0.1011,0.10016,0.10024,16080760.0
2026-03-17 20:00:00,0.10024,0.10067,0.09995,0.10057,10903339.0
2026-03-17 21:00:00,0.10056,0.10129,0.1004,0.10119,24076865.0
2026-03-17 22:00:00,0.10119,0.10174,0.10037,0.10089,23426735.0
2026-03-17 23:00:00,0.10088,0.10115,0.10003,0.10015,14248769.0
2026-03-18 00:00:00,0.10015,0.10042,0.09968,0.10013,17857488.0
2026-03-18 01:00:00,0.10013,0.10088,0.10012,0.10034,20917619.0
2026-03-18 02:00:00,0.10033,0.10139,0.10029,0.10091,20119158.0
2026-03-18 03:00:00,0.1009,0.10185,0.10066,0.10116,35459213.0
2026-03-18 04:00:00,0.10116,0.10123,0.09969,0.10019,54952672.0
2026-03-18 05:00:00,0.10019,0.10111,0.10008,0.10024,32032579.0
2026-03-18 06:00:00,0.10024,0.10097,0.1001,0.10014,17721195.0
2026-03-18 07:00:00,0.10015,0.10015,0.09922,0.09956,45579087.0
2026-03-18 08:00:00,0.09956,0.10007,0.09952,0.09979,13862445.0
2026-03-18 09:00:00,0.09979,0.10011,0.09966,0.0999,14844311.0
2026-03-18 10:00:00,0.0999,0.10002,0.09883,0.09918,22426904.0
2026-03-18 11:00:00,0.09918,0.0994,0.09661,0.09711,164545909.0
2026-03-18 12:00:00,0.0971,0.09711,0.09568,0.09594,109723734.0
2026-03-18 13:00:00,0.09594,0.09629,0.09542,0.09578,114541084.0
2026-03-18 14:00:00,0.09578,0.09583,0.09428,0.09452,90113948.0
2026-03-18 15:00:00,0.09451,0.09481,0.09389,0.09436,89417025.0
2026-03-18 16:00:00,0.09435,0.09435,0.0935,0.09385,105608539.0
2026-03-18 17:00:00,0.09385,0.0948,0.09328,0.09436,95672223.0
2026-03-18 18:00:00,0.09436,0.09555,0.0942,0.09452,114248193.0
2026-03-18 19:00:00,0.09451,0.09537,0.0945,0.09463,36270394.0
2026-03-18 20:00:00,0.09464,0.09523,0.09394,0.09515,37557714.0
2026-03-18 21:00:00,0.09514,0.09562,0.09499,0.09535,22313864.0
2026-03-18 22:00:00,0.09535,0.09535,0.09488,0.09499,16755323.0
2026-03-18 23:00:00,0.09499,0.0953,0.09478,0.09526,25539645.0
2026-03-19 00:00:00,0.09526,0.0955,0.095,0.09506,35685021.0
2026-03-19 01:00:00,0.09507,0.09526,0.09487,0.09489,9981577.0
2026-03-19 02:00:00,0.09489,0.09498,0.09445,0.09457,12831626.0
2026-03-19 03:00:00,0.09457,0.09609,0.09457,0.09546,31976035.0
2026-03-19 04:00:00,0.09545,0.09551,0.09472,0.09478,17033547.0
2026-03-19 05:00:00,0.09479,0.09497,0.09425,0.09453,44773532.0
2026-03-19 06:00:00,0.09453,0.09489,0.09419,0.09459,15410428.0
2026-03-19 07:00:00,0.09459,0.09486,0.0932,0.09439,91913069.0
2026-03-19 08:00:00,0.09439,0.09465,0.09412,0.09418,22396635.0
2026-03-19 09:00:00,0.09419,0.0954,0.09419,0.09508,40408270.0
2026-03-19 10:00:00,0.09509,0.09517,0.09415,0.0942,16973725.0
2026-03-19 11:00:00,0.09421,0.09427,0.09377,0.09401,35441319.0
2026-03-19 12:00:00,0.09402,0.09402,0.0925,0.09254,47240875.0
2026-03-19 13:00:00,0.09255,0.09368,0.09215,0.09337,73413553.0
2026-03-19 14:00:00,0.09338,0.09378,0.09253,0.09307,28443299.0
2026-03-19 15:00:00,0.09307,0.09349,0.0923,0.09287,33432263.0
2026-03-19 16:00:00,0.09287,0.0929,0.09207,0.0924,31310407.0
2026-03-19 17:00:00,0.09239,0.093,0.09177,0.09292,30189305.0
2026-03-19 18:00:00,0.09291,0.09311,0.09247,0.09279,15248975.0
2026-03-19 19:00:00,0.09278,0.09396,0.09276,0.09333,31787264.0
2026-03-19 20:00:00,0.09333,0.09381,0.09326,0.09358,13320702.0
2026-03-19 21:00:00,0.09357,0.09381,0.09349,0.09365,13625449.0
2026-03-19 22:00:00,0.09365,0.09369,0.093,0.0933,21145506.0
2026-03-19 23:00:00,0.09331,0.09372,0.0932,0.09354,20093607.0
2026-03-20 00:00:00,0.09353,0.09398,0.0935,0.09395,12786808.0
2026-03-20 01:00:00,0.09394,0.09466,0.09394,0.09426,30092836.0
2026-03-20 02:00:00,0.09426,0.09434,0.09355,0.09401,21939320.0
2026-03-20 03:00:00,0.09401,0.09453,0.09382,0.0941,21794490.0
2026-03-20 04:00:00,0.09409,0.0947,0.0938,0.09463,17631992.0
2026-03-20 05:00:00,0.09462,0.09541,0.09454,0.09475,41765253.0
2026-03-20 06:00:00,0.09475,0.09488,0.09434,0.0944,14755143.0
2026-03-20 07:00:00,0.09439,0.09439,0.09363,0.09409,21239115.0
2026-03-20 08:00:00,0.09409,0.0951,0.09406,0.0945,25600123.0
2026-03-20 09:00:00,0.09451,0.09452,0.0937,0.09391,16970712.0
2026-03-20 10:00:00,0.09392,0.09449,0.0935,0.0944,16055196.0
2026-03-20 11:00:00,0.09439,0.09476,0.09384,0.09407,18536770.0
2026-03-20 12:00:00,0.09408,0.09444,0.09366,0.09383,27350472.0
2026-03-20 13:00:00,0.09384,0.09427,0.09326,0.09341,31879472.0
2026-03-20 14:00:00,0.09342,0.09427,0.0931,0.09373,47271906.0
2026-03-20 15:00:00,0.09374,0.09433,0.09352,0.09422,18049752.0
2026-03-20 16:00:00,0.09421,0.09445,0.09359,0.09395,19395547.0
2026-03-20 17:00:00,0.09395,0.09416,0.09344,0.09404,19642506.0
2026-03-20 18:00:00,0.09405,0.09425,0.09322,0.09358,13877971.0
2026-03-20 19:00:00,0.09358,0.09378,0.09287,0.09371,19639809.0
2026-03-20 20:00:00,0.09372,0.09379,0.0932,0.09373,6962209.0
2026-03-20 21:00:00,0.09374,0.09448,0.09345,0.09421,21979740.0
2026-03-20 22:00:00,0.09421,0.09495,0.09421,0.09437,20158797.0
2026-03-20 23:00:00,0.09437,0.09437,0.0939,0.09416,9609750.0
2026-03-21 00:00:00,0.09417,0.09439,0.09403,0.09433,6597054.0
2026-03-21 01:00:00,0.09432,0.09458,0.09393,0.09399,7747375.0
2026-03-21 02:00:00,0.094,0.09484,0.09397,0.09475,30813271.0
2026-03-21 03:00:00,0.09474,0.09499,0.09462,0.09474,8908450.0
2026-03-21 04:00:00,0.09473,0.0949,0.09454,0.09462,8595124.0
2026-03-21 05:00:00,0.09462,0.09494,0.09462,0.09474,8314593.0
2026-03-21 06:00:00,0.09473,0.09494,0.09443,0.09462,16200737.0
2026-03-21 07:00:00,0.09461,0.09473,0.09428,0.09437,9375862.0
2026-03-21 08:00:00,0.09438,0.09445,0.09421,0.09437,6686512.0
2026-03-21 09:00:00,0.09437,0.09451,0.09425,0.09433,3575378.0
2026-03-21 10:00:00,0.09432,0.09434,0.0939,0.09398,7425022.0
2026-03-21 11:00:00,0.09399,0.09407,0.0938,0.094,7223710.0
2026-03-21 12:00:00,0.094,0.09415,0.0939,0.09397,4965993.0
2026-03-21 13:00:00,0.09398,0.094,0.09353,0.09369,8934103.0
2026-03-21 14:00:00,0.09369,0.09425,0.09362,0.0937,22008405.0
2026-03-21 15:00:00,0.0937,0.09467,0.09364,0.09464,37074653.0
2026-03-21 16:00:00,0.09465,0.09467,0.09423,0.09432,19117537.0
2026-03-21 17:00:00,0.09432,0.09436,0.09392,0.09407,7682877.0
2026-03-21 18:00:00,0.09407,0.09426,0.09394,0.09409,4997778.0
2026-03-21 19:00:00,0.09408,0.09415,0.09388,0.09408,5170206.0
2026-03-21 20:00:00,0.09408,0.09443,0.094,0.09434,7095125.0
2026-03-21 21:00:00,0.09434,0.09437,0.09406,0.09417,4410451.0
2026-03-21 22:00:00,0.09416,0.09422,0.09393,0.09401,9554722.0
2026-03-21 23:00:00,0.09401,0.09401,0.09061,0.09135,151085626.0
2026-03-22 00:00:00,0.09133,0.09198,0.09,0.09146,108370851.0
2026-03-22 01:00:00,0.09146,0.09186,0.09105,0.09148,60660322.0
2026-03-22 02:00:00,0.09148,0.09238,0.09148,0.09205,37255511.0
2026-03-22 03:00:00,0.09205,0.09287,0.09174,0.09234,41612930.0
2026-03-22 04:00:00,0.09234,0.09283,0.09217,0.09267,29402742.0
2026-03-22 05:00:00,0.09267,0.09268,0.09214,0.09217,19237724.0
2026-03-22 06:00:00,0.09217,0.09217,0.09175,0.09189,14997014.0
2026-03-22 07:00:00,0.09188,0.09202,0.09132,0.09133,22673528.0
2026-03-22 08:00:00,0.09133,0.09141,0.09075,0.09119,44141494.0
2026-03-22 09:00:00,0.09118,0.09163,0.09104,0.09123,16943204.0
2026-03-22 10:00:00,0.09123,0.09123,0.09092,0.09101,12609291.0
2026-03-22 11:00:00,0.09101,0.09128,0.09089,0.09112,18577848.0
2026-03-22 12:00:00,0.09112,0.09197,0.09112,0.09151,25113501.0
2026-03-22 13:00:00,0.09151,0.09195,0.09115,0.09138,13737853.0
2026-03-22 14:00:00,0.09138,0.09182,0.09112,0.09141,12994896.0
2026-03-22 15:00:00,0.09142,0.0917,0.09131,0.09163,12467083.0
2026-03-22 16:00:00,0.09162,0.09177,0.0914,0.09163,11088416.0
2026-03-22 17:00:00,0.09163,0.09163,0.0914,0.09148,5963985.0
2026-03-22 18:00:00,0.09147,0.09147,0.09022,0.09078,32649665.0
2026-03-22 19:00:00,0.09078,0.09079,0.0901,0.09049,19592503.0
2026-03-22 20:00:00,0.09049,0.09078,0.0901,0.09022,18189016.0
2026-03-22 21:00:00,0.09022,0.09031,0.08916,0.08993,81850901.0
2026-03-22 22:00:00,0.08993,0.09065,0.08933,0.09052,51818396.0
2026-03-22 23:00:00,0.09053,0.09078,0.09005,0.09015,14733474.0
2026-03-23 00:00:00,0.09015,0.0906,0.08978,0.09034,21183921.0
2026-03-23 01:00:00,0.09033,0.09096,0.09016,0.09051,18623790.0
2026-03-23 02:00:00,0.09051,0.0913,0.09035,0.09103,19203687.0
2026-03-23 03:00:00,0.09102,0.09149,0.09063,0.09064,13347581.0
2026-03-23 04:00:00,0.09065,0.09115,0.09064,0.09103,5912914.0
2026-03-23 05:00:00,0.09104,0.09125,0.09063,0.09098,11522774.0
2026-03-23 06:00:00,0.09097,0.09098,0.09007,0.09038,27135182.0
2026-03-23 07:00:00,0.09038,0.09072,0.08977,0.09045,24647559.0
2026-03-23 08:00:00,0.09046,0.09083,0.08985,0.08988,26578539.0
2026-03-23 09:00:00,0.08988,0.09004,0.08925,0.09003,24574015.0
2026-03-23 10:00:00,0.09002,0.0904,0.08977,0.08999,17130946.0
2026-03-23 11:00:00,0.08999,0.09535,0.08999,0.09254,351633345.0
2026-03-23 12:00:00,0.09255,0.09347,0.09189,0.09333,70662526.0
2026-03-23 13:00:00,0.09333,0.09447,0.09291,0.09425,53944143.0
2026-03-23 14:00:00,0.09426,0.09503,0.09397,0.09493,49918453.0
2026-03-23 15:00:00,0.09493,0.09577,0.09369,0.0938,80231702.0
2026-03-23 16:00:00,0.09379,0.0943,0.09308,0.09397,40302922.0
2026-03-23 17:00:00,0.09397,0.09509,0.09374,0.09497,28992997.0
2026-03-23 18:00:00,0.09497,0.0956,0.09469,0.09548,32322920.0
2026-03-23 19:00:00,0.09547,0.09578,0.09479,0.09489,22987861.0
2026-03-23 20:00:00,0.09489,0.0955,0.09479,0.09502,13871898.0
2026-03-23 21:00:00,0.09502,0.09529,0.09486,0.09497,18910150.0
2026-03-23 22:00:00,0.09498,0.09506,0.09412,0.09431,22805863.0
2026-03-23 23:00:00,0.09431,0.09437,0.09353,0.09415,24946965.0
2026-03-24 00:00:00,0.09416,0.09439,0.09314,0.09366,21880597.0
2026-03-24 01:00:00,0.09365,0.09367,0.0927,0.09318,25391909.0
2026-03-24 02:00:00,0.09318,0.09389,0.09308,0.09313,13591303.0
2026-03-24 03:00:00,0.09313,0.09389,0.09308,0.09378,12434787.0
2026-03-24 04:00:00,0.09377,0.09393,0.09331,0.09361,11067033.0
2026-03-24 05:00:00,0.0936,0.09383,0.09318,0.09359,16420716.0
2026-03-24 06:00:00,0.09359,0.09387,0.09331,0.09378,14474532.0
2026-03-24 07:00:00,0.09377,0.09543,0.09365,0.09524,34944345.0
2026-03-24 08:00:00,0.09525,0.09562,0.09496,0.09511,33727101.0
2026-03-24 09:00:00,0.0951,0.0953,0.09469,0.09509,39563419.0
2026-03-24 10:00:00,0.09508,0.09508,0.09392,0.0942,31830207.0
2026-03-24 11:00:00,0.0942,0.09449,0.0936,0.09425,23471790.0
2026-03-24 12:00:00,0.09425,0.09459,0.09404,0.09435,16396577.0
2026-03-24 13:00:00,0.09434,0.09466,0.09348,0.09365,58644536.0
2026-03-24 14:00:00,0.09364,0.09428,0.09266,0.09347,49740546.0
2026-03-24 15:00:00,0.09348,0.09395,0.09333,0.09337,22317307.0
2026-03-24 16:00:00,0.09337,0.09378,0.0931,0.0933,14928470.0
2026-03-24 17:00:00,0.0933,0.0934,0.09245,0.09261,31732261.0
2026-03-24 18:00:00,0.09262,0.09326,0.09251,0.09294,22359494.0
2026-03-24 19:00:00,0.09295,0.0934,0.09294,0.09312,6064062.0
2026-03-24 20:00:00,0.09312,0.09491,0.09305,0.09459,36923244.0
2026-03-24 21:00:00,0.09459,0.09482,0.09409,0.09457,13957848.0
2026-03-24 22:00:00,0.09457,0.09492,0.0944,0.09471,20074677.0
2026-03-24 23:00:00,0.09471,0.09543,0.09467,0.0951,30519484.0
2026-03-25 00:00:00,0.09511,0.09549,0.09463,0.09501,36013294.0
2026-03-25 01:00:00,0.095,0.09538,0.09482,0.09514,22025845.0
2026-03-25 02:00:00,0.09515,0.09523,0.09471,0.09474,19272148.0
2026-03-25 03:00:00,0.09475,0.09534,0.09441,0.09522,19037472.0
2026-03-25 04:00:00,0.09521,0.09571,0.095,0.09554,17941872.0
2026-03-25 05:00:00,0.09555,0.09701,0.09555,0.09624,122445758.0
2026-03-25 06:00:00,0.09623,0.0977,0.09622,0.09697,75382691.0
2026-03-25 07:00:00,0.09697,0.09761,0.09655,0.0968,47071048.0
2026-03-25 08:00:00,0.09681,0.0975,0.09681,0.09698,39025343.0
2026-03-25 09:00:00,0.09698,0.097,0.09644,0.09686,26487185.0
2026-03-25 10:00:00,0.09686,0.09715,0.0968,0.09701,15943383.0
2026-03-25 11:00:00,0.09701,0.09748,0.09678,0.09699,29651844.0
2026-03-25 12:00:00,0.09699,0.09796,0.09651,0.09775,49224440.0
2026-03-25 13:00:00,0.09776,0.09789,0.09718,0.0974,29905972.0
2026-03-25 14:00:00,0.09741,0.09785,0.0969,0.09693,34235418.0
2026-03-25 15:00:00,0.09693,0.09697,0.09558,0.09596,93875016.0
2026-03-25 16:00:00,0.09597,0.0971,0.09582,0.09657,36670186.0
2026-03-25 17:00:00,0.09658,0.0968,0.09609,0.0962,18067683.0
2026-03-25 18:00:00,0.09619,0.09659,0.09597,0.09618,12355393.0
2026-03-25 19:00:00,0.09617,0.09652,0.09601,0.09644,9338219.0
2026-03-25 20:00:00,0.09644,0.09647,0.09574,0.0962,9564592.0
2026-03-25 21:00:00,0.09621,0.09651,0.09606,0.09616,10531842.0
2026-03-25 22:00:00,0.09615,0.0968,0.09592,0.09639,14549479.0
2026-03-25 23:00:00,0.0964,0.09643,0.09588,0.09618,12965574.0
2026-03-26 00:00:00,0.09618,0.09627,0.09577,0.0959,8708773.0
2026-03-26 01:00:00,0.0959,0.09605,0.09551,0.09571,13025441.0
2026-03-26 02:00:00,0.09571,0.09572,0.09455,0.09486,69764194.0
2026-03-26 03:00:00,0.09485,0.09487,0.0941,0.09459,27945713.0
2026-03-26 04:00:00,0.09459,0.09461,0.0942,0.09428,15791791.0
2026-03-26 05:00:00,0.09428,0.09429,0.09266,0.09275,52105226.0
2026-03-26 06:00:00,0.09274,0.09286,0.09226,0.09268,44598399.0
2026-03-26 07:00:00,0.09267,0.09288,0.09234,0.09275,20572422.0
2026-03-26 08:00:00,0.09275,0.09276,0.0921,0.09229,37097279.0
2026-03-26 09:00:00,0.09229,0.09236,0.09113,0.09164,80073843.0
2026-03-26 10:00:00,0.09164,0.09181,0.0914,0.0918,29732033.0
2026-03-26 11:00:00,0.0918,0.0918,0.09129,0.09133,80646518.0
2026-03-26 12:00:00,0.09133,0.09163,0.09114,0.0916,27715490.0
2026-03-26 13:00:00,0.0916,0.0922,0.0913,0.09175,51327889.0
2026-03-26 14:00:00,0.09174,0.09192,0.09128,0.0916,32828074.0
2026-03-26 15:00:00,0.0916,0.0916,0.09056,0.09096,49501345.0
2026-03-26 16:00:00,0.09097,0.09141,0.09085,0.09106,52223504.0
2026-03-26 17:00:00,0.09105,0.09156,0.09078,0.09093,24370402.0
2026-03-26 18:00:00,0.09093,0.09115,0.09059,0.09104,19372464.0
2026-03-26 19:00:00,0.09105,0.09129,0.09091,0.0911,9486844.0
2026-03-26 20:00:00,0.09111,0.09269,0.09096,0.09178,53089202.0
2026-03-26 21:00:00,0.09177,0.09276,0.09168,0.09232,19201523.0
2026-03-26 22:00:00,0.09231,0.09248,0.0919,0.09215,14885198.0
2026-03-26 23:00:00,0.09216,0.0923,0.09185,0.09205,13549704.0
2026-03-27 00:00:00,0.09205,0.09224,0.09178,0.09203,16509726.0
2026-03-27 01:00:00,0.09204,0.09249,0.09197,0.09248,9008696.0
2026-03-27 02:00:00,0.09249,0.09271,0.09222,0.09235,8849973.0
2026-03-27 03:00:00,0.09236,0.09241,0.09192,0.09195,7277234.0
2026-03-27 04:00:00,0.09196,0.09213,0.09138,0.09195,22007572.0
2026-03-27 05:00:00,0.09195,0.09235,0.09182,0.09192,7596093.0
2026-03-27 06:00:00,0.09193,0.09208,0.09182,0.09193,5285271.0
2026-03-27 07:00:00,0.09194,0.09231,0.09184,0.09222,15814321.0
2026-03-27 08:00:00,0.09223,0.09241,0.09112,0.09185,26184303.0
2026-03-27 09:00:00,0.09184,0.09184,0.091,0.09104,17918897.0
2026-03-27 10:00:00,0.09104,0.09113,0.08933,0.08963,102845470.0
2026-03-27 11:00:00,0.08963,0.09028,0.0893,0.09013,35803772.0
2026-03-27 12:00:00,0.09012,0.09036,0.08981,0.09017,21752238.0
2026-03-27 13:00:00,0.09017,0.0904,0.08961,0.08988,37353508.0
2026-03-27 14:00:00,0.08987,0.09018,0.08932,0.08996,51015254.0
2026-03-27 15:00:00,0.08997,0.09093,0.0897,0.09036,36302923.0
2026-03-27 16:00:00,0.09035,0.0905,0.0899,0.09008,23612039.0
2026-03-27 17:00:00,0.09009,0.09053,0.08975,0.08978,17727711.0
2026-03-27 18:00:00,0.08979,0.09009,0.08947,0.09,18846101.0
2026-03-27 19:00:00,0.08999,0.09035,0.08978,0.09007,8915127.0
2026-03-27 20:00:00,0.09007,0.09024,0.08965,0.09007,11520425.0
2026-03-27 21:00:00,0.09006,0.09032,0.08988,0.08997,8815806.0
2026-03-27 22:00:00,0.08996,0.09011,0.08978,0.09,12642367.0
2026-03-27 23:00:00,0.09001,0.09022,0.08971,0.09011,10706875.0
2026-03-28 00:00:00,0.0901,0.09033,0.09006,0.09028,8490180.0
2026-03-28 01:00:00,0.09028,0.09046,0.0899,0.09039,17120860.0
2026-03-28 02:00:00,0.09039,0.09067,0.09009,0.09023,6956658.0
2026-03-28 03:00:00,0.09023,0.09024,0.08982,0.08989,9783783.0
2026-03-28 04:00:00,0.0899,0.0901,0.08969,0.09002,7456379.0
2026-03-28 05:00:00,0.09003,0.09033,0.08979,0.09033,8773198.0
2026-03-28 06:00:00,0.09032,0.0907,0.09023,0.09035,10772121.0
2026-03-28 07:00:00,0.09035,0.09129,0.09033,0.0912,11386505.0
2026-03-28 08:00:00,0.0912,0.0914,0.09093,0.09099,14798126.0
2026-03-28 09:00:00,0.09099,0.09115,0.09081,0.09101,5964713.0
2026-03-28 10:00:00,0.09102,0.09216,0.09099,0.09113,39356002.0
2026-03-28 11:00:00,0.09113,0.0915,0.09104,0.09137,17347521.0
2026-03-28 12:00:00,0.09136,0.09174,0.09115,0.09135,14934631.0
2026-03-28 13:00:00,0.09136,0.09289,0.09119,0.09269,62110894.0
2026-03-28 14:00:00,0.09269,0.09408,0.09255,0.09361,85425788.0
2026-03-28 15:00:00,0.09362,0.09533,0.09351,0.09405,121915483.0
2026-03-28 16:00:00,0.09406,0.0943,0.09285,0.09287,60729704.0
2026-03-28 17:00:00,0.09286,0.09326,0.09235,0.09255,35143676.0
2026-03-28 18:00:00,0.09254,0.0928,0.09233,0.09259,24534605.0
2026-03-28 19:00:00,0.09259,0.09271,0.09197,0.09226,14841120.0
2026-03-28 20:00:00,0.09227,0.09246,0.092,0.09225,8020281.0
2026-03-28 21:00:00,0.09225,0.09232,0.09157,0.09179,15044332.0
2026-03-28 22:00:00,0.09179,0.09186,0.09143,0.09167,16880922.0
2026-03-28 23:00:00,0.09167,0.09168,0.0904,0.091,44816341.0
2026-03-29 00:00:00,0.09099,0.09102,0.09056,0.09091,15843245.0
2026-03-29 01:00:00,0.09092,0.0913,0.09076,0.0911,16312640.0
2026-03-29 02:00:00,0.09111,0.09141,0.09094,0.09123,8705386.0
2026-03-29 03:00:00,0.09122,0.09169,0.09106,0.09145,18394960.0
2026-03-29 04:00:00,0.09144,0.09145,0.09102,0.09108,10748151.0
2026-03-29 05:00:00,0.09107,0.09113,0.0907,0.09105,11968493.0
2026-03-29 06:00:00,0.09104,0.09147,0.09095,0.09135,16805841.0
2026-03-29 07:00:00,0.09135,0.09135,0.09099,0.09118,7481626.0
2026-03-29 08:00:00,0.09118,0.09137,0.09106,0.09114,8183853.0
2026-03-29 09:00:00,0.09114,0.09115,0.09078,0.09093,9876878.0
2026-03-29 10:00:00,0.09092,0.09092,0.09038,0.09064,11267608.0
2026-03-29 11:00:00,0.09064,0.09126,0.09062,0.09098,10416648.0
2026-03-29 12:00:00,0.09097,0.09098,0.09062,0.09092,6768580.0
2026-03-29 13:00:00,0.09091,0.09093,0.09021,0.09033,17915276.0
2026-03-29 14:00:00,0.09034,0.09081,0.09013,0.09042,17475389.0
2026-03-29 15:00:00,0.09042,0.09074,0.09001,0.09018,28373634.0
2026-03-29 16:00:00,0.09017,0.09049,0.0901,0.0902,10740961.0
2026-03-29 17:00:00,0.0902,0.09042,0.0899,0.0904,16584700.0
2026-03-29 18:00:00,0.0904,0.09083,0.09019,0.0906,7723256.0
2026-03-29 19:00:00,0.09059,0.0907,0.09042,0.09064,13913144.0
2026-03-29 20:00:00,0.09064,0.09149,0.09061,0.09103,11248419.0
2026-03-29 21:00:00,0.09102,0.09157,0.09102,0.09137,9510262.0
2026-03-29 22:00:00,0.09136,0.09136,0.088,0.08999,108989843.0
2026-03-29 23:00:00,0.08998,0.09077,0.08985,0.09045,37040971.0
2026-03-30 00:00:00,0.09046,0.09219,0.09026,0.09128,40758413.0
2026-03-30 01:00:00,0.09127,0.09192,0.09127,0.09156,21536735.0
2026-03-30 02:00:00,0.09157,0.09289,0.0915,0.09248,43275425.0
2026-03-30 03:00:00,0.09248,0.09263,0.09201,0.09245,25502375.0
2026-03-30 04:00:00,0.09246,0.09311,0.09246,0.09294,34208045.0
2026-03-30 05:00:00,0.09294,0.09366,0.09291,0.09304,65754984.0
2026-03-30 06:00:00,0.09304,0.09345,0.09258,0.09258,83402226.0
2026-03-30 07:00:00,0.09257,0.09361,0.09253,0.09334,41696154.0
2026-03-30 08:00:00,0.09334,0.09394,0.09309,0.09318,28944838.0
2026-03-30 09:00:00,0.09319,0.09323,0.09259,0.09276,27432854.0
2026-03-30 10:00:00,0.09276,0.09295,0.09209,0.09274,29365309.0
2026-03-30 11:00:00,0.09274,0.09361,0.09269,0.09288,38171220.0
2026-03-30 12:00:00,0.09289,0.09319,0.09277,0.0929,32616064.0
2026-03-30 13:00:00,0.0929,0.09334,0.09271,0.09286,31027296.0
2026-03-30 14:00:00,0.09286,0.0933,0.09232,0.09303,40132743.0
2026-03-30 15:00:00,0.09302,0.09323,0.09245,0.0929,22937159.0
2026-03-30 16:00:00,0.0929,0.09304,0.09248,0.09274,19205439.0
2026-03-30 17:00:00,0.09273,0.09287,0.09154,0.09166,35251223.0
2026-03-30 18:00:00,0.09166,0.0918,0.09082,0.09103,36778750.0
2026-03-30 19:00:00,0.09102,0.09107,0.09049,0.09094,30146219.0
2026-03-30 20:00:00,0.09094,0.09114,0.09084,0.09085,13594219.0
2026-03-30 21:00:00,0.09085,0.09155,0.09067,0.09128,23184961.0
2026-03-30 22:00:00,0.09128,0.09148,0.09089,0.09107,15229775.0
2026-03-30 23:00:00,0.09107,0.09107,0.09038,0.09083,28362959.0
2026-03-31 00:00:00,0.09084,0.09138,0.09052,0.09114,35397546.0
2026-03-31 01:00:00,0.09113,0.09277,0.09101,0.09222,53605652.0
2026-03-31 02:00:00,0.09222,0.09237,0.09185,0.09214,15502649.0
2026-03-31 03:00:00,0.09214,0.09214,0.09146,0.09166,24161845.0
2026-03-31 04:00:00,0.09167,0.09194,0.09135,0.09139,26100090.0
2026-03-31 05:00:00,0.09138,0.0915,0.09114,0.09139,12943136.0
2026-03-31 06:00:00,0.0914,0.09178,0.091,0.09171,14365773.0
2026-03-31 07:00:00,0.09171,0.09179,0.09103,0.09128,18235723.0
2026-03-31 08:00:00,0.09128,0.09152,0.09068,0.09078,17154784.0
2026-03-31 09:00:00,0.09078,0.09097,0.08937,0.08972,70429861.0
2026-03-31 10:00:00,0.08972,0.0903,0.08963,0.09006,27138921.0
2026-03-31 11:00:00,0.09007,0.09064,0.08995,0.09036,31903204.0
2026-03-31 12:00:00,0.09036,0.09073,0.09026,0.09033,18329945.0
2026-03-31 13:00:00,0.09032,0.09161,0.09031,0.09121,33979075.0
2026-03-31 14:00:00,0.09121,0.09191,0.09014,0.09046,58858184.0
2026-03-31 15:00:00,0.09045,0.0914,0.09037,0.09042,27489473.0
2026-03-31 16:00:00,0.09042,0.09214,0.09032,0.09153,61703857.0
2026-03-31 17:00:00,0.09152,0.09265,0.0913,0.09155,50333056.0
2026-03-31 18:00:00,0.09154,0.09232,0.09154,0.09232,23050390.0
2026-03-31 19:00:00,0.09232,0.09253,0.09186,0.09214,17906547.0
2026-03-31 20:00:00,0.09214,0.09271,0.09212,0.09271,22421562.0
2026-03-31 21:00:00,0.09271,0.09284,0.09216,0.09242,15441699.0
2026-03-31 22:00:00,0.09241,0.09247,0.09135,0.09178,41252031.0
2026-03-31 23:00:00,0.09178,0.0924,0.09172,0.09232,9605483.0
2026-04-01 00:00:00,0.09232,0.09278,0.09202,0.09258,22416680.0
2026-04-01 01:00:00,0.09259,0.09264,0.09174,0.09184,22878591.0
2026-04-01 02:00:00,0.09183,0.09213,0.0916,0.09177,14551323.0
2026-04-01 03:00:00,0.09178,0.09263,0.09178,0.09246,20484644.0
2026-04-01 04:00:00,0.09246,0.0926,0.09224,0.0924,15808368.0
2026-04-01 05:00:00,0.09241,0.09332,0.09216,0.09321,46303236.0
2026-04-01 06:00:00,0.09321,0.09442,0.09319,0.09429,62341817.0
2026-04-01 07:00:00,0.09429,0.09453,0.09322,0.09326,68494769.0
2026-04-01 08:00:00,0.09326,0.09342,0.09233,0.09246,30545760.0
2026-04-01 09:00:00,0.09246,0.09263,0.09188,0.09242,47051168.0
2026-04-01 10:00:00,0.09242,0.09269,0.092,0.09247,18368152.0
2026-04-01 11:00:00,0.09247,0.09278,0.09226,0.09252,23749954.0
2026-04-01 12:00:00,0.09252,0.09326,0.0923,0.09258,26549190.0
2026-04-01 13:00:00,0.09259,0.09294,0.09211,0.0924,21430510.0
2026-04-01 14:00:00,0.0924,0.09306,0.09231,0.09285,21035248.0
2026-04-01 15:00:00,0.09286,0.09324,0.09255,0.09308,18934782.0
2026-04-01 16:00:00,0.09308,0.0937,0.09258,0.09341,29299722.0
2026-04-01 17:00:00,0.09342,0.09429,0.09277,0.09282,47974441.0
2026-04-01 18:00:00,0.09282,0.0929,0.0924,0.09252,15719595.0
2026-04-01 19:00:00,0.09253,0.09297,0.09249,0.09285,11129221.0
2026-04-01 20:00:00,0.09286,0.0929,0.09227,0.09262,16081933.0
2026-04-01 21:00:00,0.09263,0.09335,0.0926,0.09311,13098248.0
2026-04-01 22:00:00,0.09312,0.0932,0.09239,0.09243,16686938.0
2026-04-01 23:00:00,0.09243,0.09265,0.09208,0.09219,10910277.0
2026-04-02 00:00:00,0.09218,0.09273,0.09201,0.09251,16746172.0
2026-04-02 01:00:00,0.09251,0.09255,0.09007,0.09059,142539930.0
2026-04-02 02:00:00,0.09058,0.0906,0.08979,0.09015,59713135.0
2026-04-02 03:00:00,0.09014,0.09048,0.08954,0.09014,47204543.0
2026-04-02 04:00:00,0.09013,0.09013,0.08963,0.08974,27697445.0
2026-04-02 05:00:00,0.08974,0.09019,0.08922,0.0901,37705687.0
2026-04-02 06:00:00,0.0901,0.09034,0.08989,0.09007,24342569.0
2026-04-02 07:00:00,0.09006,0.09038,0.08988,0.09025,44146735.0
2026-04-02 08:00:00,0.09025,0.09031,0.09002,0.09008,16264465.0
2026-04-02 09:00:00,0.09008,0.09056,0.08981,0.09024,22490476.0
2026-04-02 10:00:00,0.09023,0.09023,0.08973,0.0899,19647675.0
2026-04-02 11:00:00,0.08991,0.09008,0.08949,0.08997,19360361.0
2026-04-02 12:00:00,0.08997,0.09,0.08932,0.08939,20753680.0
2026-04-02 13:00:00,0.0894,0.08983,0.08899,0.08978,28780806.0
2026-04-02 14:00:00,0.08979,0.0912,0.08958,0.09062,47938495.0
2026-04-02 15:00:00,0.09061,0.09075,0.09005,0.09033,18098283.0
2026-04-02 16:00:00,0.09033,0.09083,0.09002,0.09013,15852731.0
2026-04-02 17:00:00,0.09013,0.09079,0.0897,0.08975,21165785.0
2026-04-02 18:00:00,0.08975,0.09036,0.08964,0.09018,10865293.0
2026-04-02 19:00:00,0.09018,0.09032,0.08995,0.0903,5970178.0
2026-04-02 20:00:00,0.09029,0.09072,0.09009,0.09062,9594095.0
2026-04-02 21:00:00,0.09062,0.09067,0.09025,0.0905,5079087.0
2026-04-02 22:00:00,0.09049,0.09062,0.0902,0.09042,6076374.0
2026-04-02 23:00:00,0.09043,0.09047,0.0902,0.0904,4544495.0
2026-04-03 00:00:00,0.0904,0.09054,0.09019,0.09028,5594958.0
2026-04-03 01:00:00,0.09027,0.09077,0.09011,0.09029,16391665.0
2026-04-03 02:00:00,0.09029,0.09068,0.08992,0.09038,16784607.0
2026-04-03 03:00:00,0.09037,0.09066,0.09016,0.0906,10124177.0
2026-04-03 04:00:00,0.09061,0.09075,0.09031,0.09067,7863100.0
2026-04-03 05:00:00,0.09068,0.09154,0.09039,0.09113,27008362.0
2026-04-03 06:00:00,0.09114,0.09139,0.09079,0.09119,13353530.0
2026-04-03 07:00:00,0.09118,0.09145,0.09094,0.09118,12552335.0
2026-04-03 08:00:00,0.09118,0.09158,0.09118,0.09143,14463236.0
2026-04-03 09:00:00,0.09144,0.09151,0.09103,0.09145,11293249.0
2026-04-03 10:00:00,0.09144,0.09168,0.09113,0.09148,11927773.0
2026-04-03 11:00:00,0.09148,0.09155,0.09134,0.09146,4938392.0
2026-04-03 12:00:00,0.09146,0.09225,0.09115,0.09127,36991754.0
2026-04-03 13:00:00,0.09127,0.09145,0.09081,0.0914,19862651.0
2026-04-03 14:00:00,0.0914,0.09179,0.09121,0.09148,18925478.0
2026-04-03 15:00:00,0.09148,0.09203,0.09142,0.09151,34808198.0
2026-04-03 16:00:00,0.09152,0.09205,0.0915,0.09201,13978483.0
2026-04-03 17:00:00,0.09201,0.09259,0.0919,0.09206,32963754.0
2026-04-03 18:00:00,0.09206,0.09245,0.09179,0.0918,12300755.0
2026-04-03 19:00:00,0.0918,0.09186,0.09118,0.09178,22906792.0
2026-04-03 20:00:00,0.09177,0.09207,0.09173,0.09197,10992903.0
2026-04-03 21:00:00,0.09197,0.09237,0.09195,0.09213,16317610.0
2026-04-03 22:00:00,0.09212,0.09221,0.09154,0.09162,8976739.0
2026-04-03 23:00:00,0.09162,0.09162,0.09125,0.09156,8799049.0
2026-04-04 00:00:00,0.09155,0.09155,0.09131,0.09139,4341458.0
2026-04-04 01:00:00,0.09139,0.09139,0.09113,0.09122,16232250.0
2026-04-04 02:00:00,0.09121,0.09127,0.09094,0.09108,7762077.0
2026-04-04 03:00:00,0.09109,0.09134,0.09109,0.09125,5822134.0
2026-04-04 04:00:00,0.09126,0.09152,0.09118,0.09134,4994692.0
2026-04-04 05:00:00,0.09133,0.09133,0.0911,0.09114,8467692.0
2026-04-04 06:00:00,0.09115,0.09151,0.09102,0.09144,8283625.0
2026-04-04 07:00:00,0.09145,0.09148,0.09118,0.09137,6082577.0
2026-04-04 08:00:00,0.09138,0.09138,0.09103,0.09111,4988682.0
2026-04-04 09:00:00,0.09112,0.09115,0.09092,0.09093,5027671.0
2026-04-04 10:00:00,0.09094,0.0911,0.09073,0.09106,10338642.0
2026-04-04 11:00:00,0.09106,0.09123,0.09098,0.09114,4014263.0
2026-04-04 12:00:00,0.09115,0.09117,0.09084,0.09097,4367371.0
2026-04-04 13:00:00,0.09097,0.09113,0.09085,0.09102,9995166.0
2026-04-04 14:00:00,0.09102,0.09116,0.09074,0.09112,17648378.0
2026-04-04 15:00:00,0.09112,0.09194,0.09108,0.09176,24499258.0
2026-04-04 16:00:00,0.09177,0.09214,0.09152,0.09185,21287522.0
2026-04-04 17:00:00,0.09185,0.09248,0.09168,0.09224,31686176.0
2026-04-04 18:00:00,0.09225,0.09247,0.09219,0.09225,19923347.0
2026-04-04 19:00:00,0.09226,0.09312,0.09215,0.09228,38605335.0
2026-04-04 20:00:00,0.09228,0.0924,0.09199,0.09203,7136923.0
2026-04-04 21:00:00,0.09203,0.09242,0.09199,0.09212,18171341.0
2026-04-04 22:00:00,0.09212,0.0922,0.09199,0.09206,7861108.0
2026-04-04 23:00:00,0.09206,0.09207,0.09182,0.09207,6801217.0
2026-04-05 00:00:00,0.09206,0.09215,0.0917,0.09178,9629539.0
2026-04-05 01:00:00,0.09178,0.09181,0.09138,0.09153,23364811.0
2026-04-05 02:00:00,0.09153,0.09154,0.09132,0.09153,7762611.0
2026-04-05 03:00:00,0.09152,0.09155,0.09131,0.09139,3547011.0
2026-04-05 04:00:00,0.09139,0.09139,0.09101,0.09109,9481268.0
2026-04-05 05:00:00,0.09109,0.09116,0.09056,0.09071,16494803.0
2026-04-05 06:00:00,0.09072,0.09074,0.0899,0.09031,49767036.0
2026-04-05 07:00:00,0.09032,0.09042,0.09,0.09009,30327035.0
2026-04-05 08:00:00,0.0901,0.09034,0.09002,0.09026,13163225.0
2026-04-05 09:00:00,0.09025,0.09044,0.09017,0.09036,12049814.0
2026-04-05 10:00:00,0.09035,0.09063,0.09023,0.09027,6821409.0
2026-04-05 11:00:00,0.09027,0.09043,0.09021,0.09035,4974831.0
2026-04-05 12:00:00,0.09035,0.09035,0.08972,0.09002,45058061.0
2026-04-05 13:00:00,0.09002,0.09031,0.08971,0.09031,17438508.0
2026-04-05 14:00:00,0.09031,0.09058,0.09016,0.09027,18708909.0
2026-04-05 15:00:00,0.09026,0.09146,0.08999,0.09066,39680285.0
2026-04-05 16:00:00,0.09067,0.09081,0.09027,0.09038,10438881.0
2026-04-05 17:00:00,0.09039,0.09066,0.09022,0.09058,7039718.0
2026-04-05 18:00:00,0.09057,0.09066,0.09027,0.0906,7799249.0
2026-04-05 19:00:00,0.0906,0.09086,0.09028,0.09052,8581126.0
2026-04-05 20:00:00,0.09053,0.09088,0.09046,0.09069,10883564.0
2026-04-05 21:00:00,0.09069,0.09073,0.09032,0.09057,20465567.0
2026-04-05 22:00:00,0.09056,0.09155,0.09023,0.09142,20046776.0
2026-04-05 23:00:00,0.09143,0.09244,0.09129,0.09238,52759568.0
2026-04-06 00:00:00,0.09239,0.09353,0.09239,0.09278,99113788.0
2026-04-06 01:00:00,0.09278,0.09297,0.09148,0.0923,63619760.0
2026-04-06 02:00:00,0.0923,0.09362,0.09225,0.09285,62370063.0
2026-04-06 03:00:00,0.09285,0.09313,0.09215,0.09232,39021913.0
2026-04-06 04:00:00,0.09231,0.0929,0.09224,0.09258,19824538.0
2026-04-06 05:00:00,0.09258,0.09279,0.0923,0.09244,13109902.0
2026-04-06 06:00:00,0.09243,0.09272,0.09194,0.09216,23446087.0
2026-04-06 07:00:00,0.09216,0.09225,0.09174,0.0921,16091686.0
2026-04-06 08:00:00,0.09211,0.09261,0.09193,0.09217,10633211.0
2026-04-06 09:00:00,0.09217,0.0935,0.09216,0.09295,44938435.0
2026-04-06 10:00:00,0.09294,0.09343,0.09292,0.09307,32303072.0
2026-04-06 11:00:00,0.09307,0.09314,0.09283,0.09304,16698462.0
2026-04-06 12:00:00,0.09305,0.09314,0.09236,0.09247,35647922.0
2026-04-06 13:00:00,0.09247,0.09277,0.09225,0.09238,16280369.0
2026-04-06 14:00:00,0.09238,0.09296,0.09211,0.09281,29507404.0
2026-04-06 15:00:00,0.0928,0.09304,0.09252,0.09283,14806084.0
2026-04-06 16:00:00,0.09284,0.09291,0.09222,0.09234,15311198.0
2026-04-06 17:00:00,0.09234,0.09234,0.0916,0.09197,27926143.0
2026-04-06 18:00:00,0.09197,0.09224,0.09186,0.09218,10601530.0
2026-04-06 19:00:00,0.09218,0.09218,0.09167,0.09194,9489539.0
2026-04-06 20:00:00,0.09195,0.09199,0.09174,0.09187,6725850.0
2026-04-06 21:00:00,0.09186,0.09186,0.09139,0.09146,11630505.0
2026-04-06 22:00:00,0.09145,0.09145,0.09042,0.09042,61556018.0
2026-04-06 23:00:00,0.09041,0.09067,0.08993,0.09061,105501015.0
2026-04-07 00:00:00,0.0906,0.09094,0.09046,0.0907,34894639.0
2026-04-07 01:00:00,0.0907,0.09097,0.09036,0.09041,18469084.0
2026-04-07 02:00:00,0.09041,0.09073,0.09023,0.09054,14257871.0
2026-04-07 03:00:00,0.09054,0.09062,0.09042,0.09053,8836825.0
2026-04-07 04:00:00,0.09052,0.09079,0.09029,0.09073,13865821.0
2026-04-07 05:00:00,0.09073,0.09074,0.09039,0.09054,24114171.0
2026-04-07 06:00:00,0.09054,0.09075,0.09024,0.09067,38496689.0
2026-04-07 07:00:00,0.09068,0.0908,0.09056,0.0906,24047851.0
2026-04-07 08:00:00,0.0906,0.09103,0.09058,0.09098,14079958.0
2026-04-07 09:00:00,0.09099,0.09147,0.09094,0.09129,20531885.0
2026-04-07 10:00:00,0.09129,0.09141,0.09036,0.09055,38864288.0
2026-04-07 11:00:00,0.09056,0.09081,0.09031,0.09053,26135263.0
2026-04-07 12:00:00,0.09053,0.09089,0.09011,0.09066,25528465.0
2026-04-07 13:00:00,0.09067,0.09083,0.09037,0.09046,17778424.0
2026-04-07 14:00:00,0.09046,0.09062,0.09005,0.0902,27687938.0
2026-04-07 15:00:00,0.09019,0.09069,0.09008,0.0904,18890702.0
2026-04-07 16:00:00,0.09039,0.09082,0.09036,0.09062,13559265.0
2026-04-07 17:00:00,0.09063,0.09208,0.09055,0.09174,42185898.0
2026-04-07 18:00:00,0.09173,0.0919,0.09097,0.09116,48727150.0
2026-04-07 19:00:00,0.09116,0.09236,0.09105,0.09228,42268949.0
2026-04-07 20:00:00,0.09229,0.09274,0.09207,0.09211,69909328.0
2026-04-07 21:00:00,0.0921,0.09303,0.09209,0.09287,67072504.0
2026-04-07 22:00:00,0.09288,0.09505,0.09282,0.095,221574936.0
2026-04-07 23:00:00,0.09501,0.09606,0.09477,0.09492,198450734.0
2026-04-08 00:00:00,0.09492,0.09525,0.09374,0.09423,99226577.0
2026-04-08 01:00:00,0.09424,0.09465,0.09404,0.09447,35565889.0
2026-04-08 02:00:00,0.09447,0.095,0.09434,0.09465,33141682.0
2026-04-08 03:00:00,0.09465,0.09484,0.09446,0.09459,19796480.0
2026-04-08 04:00:00,0.09459,0.09508,0.09454,0.09454,29821073.0
2026-04-08 05:00:00,0.09455,0.09497,0.09448,0.09496,20615534.0
2026-04-08 06:00:00,0.09496,0.09497,0.09455,0.09461,29840706.0
2026-04-08 07:00:00,0.09462,0.09486,0.09438,0.09457,20713030.0
2026-04-08 08:00:00,0.09457,0.09489,0.09433,0.09489,19211908.0
2026-04-08 09:00:00,0.09488,0.09495,0.09448,0.09478,31603369.0
2026-04-08 10:00:00,0.09477,0.0956,0.09435,0.0944,75888099.0
2026-04-08 11:00:00,0.09439,0.09467,0.09374,0.09425,67208301.0
2026-04-08 12:00:00,0.09426,0.09451,0.09387,0.09446,32437683.0
2026-04-08 13:00:00,0.09447,0.09511,0.0944,0.09451,55874379.0
2026-04-08 14:00:00,0.09452,0.0946,0.09263,0.09292,73866397.0
2026-04-08 15:00:00,0.09292,0.09351,0.0927,0.09343,27267661.0
2026-04-08 16:00:00,0.09343,0.09362,0.09325,0.09353,13919226.0
2026-04-08 17:00:00,0.09352,0.09413,0.09328,0.09404,23551921.0
2026-04-08 18:00:00,0.09403,0.09407,0.09308,0.09312,21459583.0
2026-04-08 19:00:00,0.09311,0.0932,0.09275,0.0931,16651162.0
2026-04-08 20:00:00,0.09309,0.09328,0.09287,0.09312,6639555.0
2026-04-08 21:00:00,0.09313,0.09378,0.09299,0.09359,14310126.0
2026-04-08 22:00:00,0.09359,0.09364,0.09274,0.09282,18116085.0
2026-04-08 23:00:00,0.09281,0.09281,0.09213,0.0924,41252267.0
2026-04-09 00:00:00,0.0924,0.09247,0.09173,0.09208,31411185.0
2026-04-09 01:00:00,0.09207,0.09214,0.09109,0.09162,60616849.0
2026-04-09 02:00:00,0.09161,0.09192,0.09148,0.09167,21000518.0
2026-04-09 03:00:00,0.09166,0.0918,0.09146,0.09155,10809057.0
2026-04-09 04:00:00,0.09154,0.09154,0.09122,0.09124,19502234.0
2026-04-09 05:00:00,0.09123,0.09187,0.09091,0.09144,86243872.0
2026-04-09 06:00:00,0.09145,0.09162,0.0912,0.09151,15023614.0
2026-04-09 07:00:00,0.09152,0.09164,0.09138,0.0914,13195144.0
2026-04-09 08:00:00,0.09139,0.0916,0.0912,0.09149,21829845.0
2026-04-09 09:00:00,0.09148,0.09207,0.09131,0.09196,22766476.0
2026-04-09 10:00:00,0.09195,0.09198,0.0917,0.09173,11037528.0
2026-04-09 11:00:00,0.09173,0.09185,0.09155,0.09168,10975441.0
2026-04-09 12:00:00,0.09168,0.09181,0.09145,0.09159,12765546.0
2026-04-09 13:00:00,0.09159,0.09168,0.09103,0.09127,39079972.0
2026-04-09 14:00:00,0.09128,0.09157,0.09096,0.09144,52197145.0
2026-04-09 15:00:00,0.09143,0.09326,0.0913,0.09289,86817698.0
2026-04-09 16:00:00,0.0929,0.09342,0.09208,0.09248,54000507.0
2026-04-09 17:00:00,0.09248,0.09352,0.09247,0.09343,40687234.0
2026-04-09 18:00:00,0.09344,0.09357,0.0929,0.09328,22069602.0
2026-04-09 19:00:00,0.09328,0.09388,0.09307,0.09382,28278203.0
2026-04-09 20:00:00,0.09381,0.09434,0.09377,0.09398,23552490.0
2026-04-09 21:00:00,0.09398,0.09437,0.09369,0.09386,20982472.0
2026-04-09 22:00:00,0.09386,0.09499,0.09325,0.0934,63063819.0
2026-04-09 23:00:00,0.0934,0.09347,0.09233,0.0926,34992583.0
2026-04-10 00:00:00,0.09259,0.09267,0.09206,0.09246,19315089.0
2026-04-10 01:00:00,0.09245,0.09284,0.09192,0.09235,25018776.0
2026-04-10 02:00:00,0.09234,0.09281,0.09227,0.09253,13334683.0
2026-04-10 03:00:00,0.09253,0.09274,0.09211,0.09219,10889023.0
2026-04-10 04:00:00,0.0922,0.09294,0.09218,0.09277,11021722.0
2026-04-10 05:00:00,0.09278,0.0932,0.09258,0.09275,17824763.0
2026-04-10 06:00:00,0.09274,0.09306,0.09241,0.09265,10713852.0
2026-04-10 07:00:00,0.09265,0.09283,0.09212,0.09229,21304098.0
2026-04-10 08:00:00,0.09229,0.09251,0.09195,0.09212,24068697.0
2026-04-10 09:00:00,0.09211,0.09253,0.09209,0.09236,12166872.0
2026-04-10 10:00:00,0.09235,0.09238,0.09209,0.09221,10371683.0
2026-04-10 11:00:00,0.09221,0.0927,0.09216,0.09248,29901688.0
2026-04-10 12:00:00,0.09248,0.09314,0.09236,0.09287,37629104.0
2026-04-10 13:00:00,0.09286,0.09314,0.0923,0.09292,25122646.0
2026-04-10 14:00:00,0.09291,0.09422,0.09282,0.09399,85223314.0
2026-04-10 15:00:00,0.09399,0.0946,0.09307,0.09333,68935231.0
2026-04-10 16:00:00,0.09334,0.09408,0.09334,0.09391,20007828.0
2026-04-10 17:00:00,0.09392,0.09395,0.09342,0.09369,10205623.0
2026-04-10 18:00:00,0.0937,0.09424,0.09358,0.09413,28209869.0
2026-04-10 19:00:00,0.09413,0.09529,0.09412,0.09503,105185012.0
2026-04-10 20:00:00,0.09504,0.0952,0.09419,0.09457,55781758.0
2026-04-10 21:00:00,0.09458,0.09465,0.09402,0.09431,17906071.0
2026-04-10 22:00:00,0.09432,0.09436,0.0937,0.09389,24727115.0
2026-04-10 23:00:00,0.0939,0.09392,0.09355,0.09368,16243138.0
2026-04-11 00:00:00,0.09369,0.0938,0.0934,0.09357,13130600.0
2026-04-11 01:00:00,0.09357,0.09373,0.09325,0.09359,17176448.0
2026-04-11 02:00:00,0.09359,0.09401,0.09347,0.09366,16011132.0
2026-04-11 03:00:00,0.09366,0.0941,0.09362,0.09366,14292505.0
2026-04-11 04:00:00,0.09367,0.09386,0.09339,0.09358,10594269.0
2026-04-11 05:00:00,0.09359,0.09359,0.09283,0.09294,22833923.0
2026-04-11 06:00:00,0.09294,0.09294,0.09267,0.09279,12518842.0
2026-04-11 07:00:00,0.09279,0.09299,0.09272,0.09289,23912097.0
2026-04-11 08:00:00,0.09289,0.093,0.09274,0.09284,7616737.0
2026-04-11 09:00:00,0.09283,0.09306,0.09261,0.09297,17352850.0
2026-04-11 10:00:00,0.09296,0.09299,0.09272,0.09287,8815964.0
2026-04-11 11:00:00,0.09287,0.09298,0.09277,0.09294,10334255.0
2026-04-11 12:00:00,0.09293,0.09308,0.09279,0.09296,20325349.0
2026-04-11 13:00:00,0.09296,0.09296,0.09224,0.09259,60346477.0
2026-04-11 14:00:00,0.09259,0.09276,0.09248,0.09264,14123382.0
2026-04-11 15:00:00,0.09264,0.09306,0.09262,0.09274,22345705.0
2026-04-11 16:00:00,0.09274,0.09374,0.09271,0.09339,23588147.0
2026-04-11 17:00:00,0.09339,0.0934,0.09301,0.09304,15009743.0
2026-04-11 18:00:00,0.09304,0.09417,0.09274,0.09395,41436903.0
2026-04-11 19:00:00,0.09396,0.09478,0.09396,0.0947,47792786.0
2026-04-11 20:00:00,0.0947,0.09489,0.09358,0.09389,51882316.0
2026-04-11 21:00:00,0.09389,0.09423,0.09362,0.09391,13014833.0
2026-04-11 22:00:00,0.09391,0.09432,0.0934,0.09368,19814180.0
2026-04-11 23:00:00,0.09367,0.09368,0.0928,0.09309,22296541.0
2026-04-12 00:00:00,0.09309,0.09314,0.09262,0.09306,23439769.0
2026-04-12 01:00:00,0.09306,0.09326,0.09062,0.09109,136972717.0
2026-04-12 02:00:00,0.09108,0.09166,0.09083,0.09154,67154525.0
2026-04-12 03:00:00,0.09154,0.09166,0.09113,0.09116,38833413.0
2026-04-12 04:00:00,0.09115,0.09126,0.091,0.09118,57251255.0
2026-04-12 05:00:00,0.09118,0.09147,0.09105,0.0914,27843941.0
2026-04-12 06:00:00,0.0914,0.09162,0.0913,0.09138,37673381.0
2026-04-12 07:00:00,0.09138,0.09149,0.09128,0.09139,21464197.0
2026-04-12 08:00:00,0.09138,0.09142,0.09124,0.09128,14768222.0
2026-04-12 09:00:00,0.09129,0.09129,0.09113,0.09121,11145843.0
2026-04-12 10:00:00,0.09121,0.09125,0.09094,0.09107,37545980.0
2026-04-12 11:00:00,0.09107,0.09135,0.09101,0.09132,15827499.0
